,City,Latitude,Longitude,Humidity,Max Temp,Cloudiness,Wind Speed
0,Cape Town,-33.93,18.42,47,80.4,0,11.41
1,Mandurah,-32.55,115.7,55,63.84,0,10.29
2,Dunedin,-45.87,170.5,83,60.01,76,5.99
3,Auki,12.18,6.51,20,100.71,0,4.61
4,Haverhill,52.08,0.44,54,53.87,40,6.93
5,Samarai,-10.62,150.67,100,76.59,92,4.94
6,Hamilton,32.3,-64.78,72,68.97,75,17.22
7,Baraboo,43.47,-89.74,69,36.52,1,5.82
8,Tasiilaq,65.61,-37.64,48,17.6,20,10.29
9,Avarua,-21.21,-159.78,94,78.8,68,3.36
10,Saldanha,41.42,-6.55,27,69.3,0,9.08
11,New Norfolk,-42.78,147.06,77,64.38,75,9.17
12,Shingu,33.72,135.99,100,49.05,0,15.68
13,Geraldton,49.72,-86.95,46,30.2,20,12.75
14,Bluefield,37.27,-81.22,48,39.29,1,6.96
15,Hilo,19.71,-155.08,88,64.69,75,4.7
16,Bluff,-23.58,149.07,76,74.88,0,7.74
17,Falavarjan,32.56,51.51,17,58.51,20,13.87
18,Vaini,15.34,74.49,60,79.38,0,2.26
19,Dikson,73.51,80.55,94,11.61,68,23.06
20,Srednekolymsk,67.46,153.71,67,-1.18,56,2.26
21,Ancud,-41.87,-73.83,76,55.4,75,2.71
22,Klaten,-7.71,110.6,94,75.2,40,3.36
23,Clyde River,70.47,-68.59,75,-18.41,75,14.99
24,Oxford,33.61,-85.83,57,52.32,1,11.41
25,Kaeo,-35.1,173.78,94,57.99,8,2.71
26,Qom,34.64,50.88,57,54.81,32,2.48
27,Mar del Plata,-46.43,-67.52,89,54.63,92,16.46
28,Marovoay,-16.11,46.64,74,87.8,20,4.7
29,Florence,34.8,-87.68,57,51.51,1,4.7
30,Port Alfred,-33.59,26.89,84,81.07,0,8.99
31,Gat,14.69,-16.54,53,77.0,0,17.22
32,Isangel,-19.55,169.27,100,78.48,80,15.68
33,Kodiak,39.95,-94.76,33,46.47,90,14.99
34,Ahmadpur,18.7,76.94,32,80.55,0,6.96
35,Arraial do Cabo,-22.97,-42.02,69,80.55,40,6.93
36,Lodja,-3.52,23.6,82,77.22,64,4.72
37,Rikitea,-23.12,-134.97,100,78.21,76,19.82
38,Mataura,-46.19,168.86,87,57.99,20,1.81
39,Salalah,17.01,54.1,69,82.4,40,13.87
40,Almaznyy,48.03,40.04,52,42.8,40,15.66
41,Ushuaia,-54.81,-68.31,93,48.2,75,3.36
42,Bellavista,6.57,-76.89,81,80.73,8,2.93
43,Busselton,-33.64,115.35,42,51.64,0,14.12
44,Haapiti,-17.57,-149.87,83,78.39,44,2.24
45,Ternate,14.29,120.72,69,82.22,20,11.41
46,Provideniya,64.42,-173.23,100,14.76,92,10.31
47,Casa Grande,32.88,-111.76,57,51.35,1,6.93
48,Zhaoqing,23.05,112.47,1,59.0,92,7.85
49,Longyearbyen,78.22,15.63,85,21.2,75,9.17
50,Te Anau,-45.41,167.72,86,45.72,76,2.37
51,Port Elizabeth,39.31,-74.98,52,41.5,1,17.22
52,Helong,25.94,116.13,99,50.13,92,2.93
53,Albany,42.65,-73.75,63,28.06,75,25.28
54,Jamestown,-33.21,138.6,96,62.46,92,6.62
55,Barrow,-38.31,-60.23,60,72.99,12,20.15
56,Cherskiy,68.75,161.3,43,-14.5,0,2.26
57,Yar-Sale,66.83,70.83,90,23.58,88,6.73
58,Bredasdorp,-34.53,20.04,65,78.8,12,17.22
59,Hermanus,-34.42,19.24,30,86.94,20,3.38
60,Upernavik,72.79,-56.15,100,-7.03,36,11.32
61,Ilulissat,69.22,-51.1,39,-7.61,20,19.46
62,Benguela,-12.58,13.4,70,87.8,20,20.8
63,Sovetskiy,56.76,48.47,96,32.31,64,5.73
64,Port-Gentil,-0.72,8.78,70,89.6,40,13.87
65,Georgetown,6.8,-58.16,66,85.17,40,13.87
66,Kapaa,22.08,-159.32,78,69.78,90,17.22
67,Lorengau,-2.02,147.27,98,82.8,76,10.31
68,Gold Coast,-28.0,153.41,83,76.89,90,9.17
69,Yellowknife,62.45,-114.38,64,0.77,20,8.05
70,Alofi,-19.06,-169.92,83,73.4,8,6.93
71,Punta Arenas,-53.16,-70.91,81,50.61,20,5.82
72,Najran,17.54,44.22,17,93.2,40,13.87
73,Tiksi,71.64,128.87,77,1.8,68,2.93
74,Uglezavodsk,47.32,142.63,77,5.0,8,4.47
75,Komsomolskiy,67.55,63.78,80,19.08,76,10.2
76,Marivan,35.52,46.18,92,42.3,80,1.59
77,Borogontsy,62.67,131.17,70,6.3,68,6.73
78,Chokurdakh,70.62,147.9,51,-17.65,48,2.93
79,Raigarh,21.9,83.39,30,76.05,0,7.63
80,Darab,28.75,54.55,98,44.28,44,1.7
81,East London,-33.02,27.91,69,78.8,0,20.8
82,Irbeyskoye,55.64,95.45,83,25.56,88,2.93
83,Thompson,55.74,-97.86,68,26.6,75,17.22
84,Garowe,8.41,48.48,33,88.56,0,7.07
85,Tuatapere,-46.13,167.69,87,57.99,76,5.28
86,Noumea,-22.28,166.46,69,78.8,0,4.7
87,Dingle,11.0,122.67,71,78.66,32,13.44
88,Palmerston,43.83,-80.85,45,25.38,1,17.22
89,Pevek,69.7,170.27,64,-22.15,0,2.48
90,Skibbereen,51.55,-9.27,87,48.2,75,5.82
91,Namatanai,-3.66,152.44,98,82.98,76,10.42
92,Carnarvon,-30.97,22.13,14,86.94,68,14.12
93,Sitka,37.17,-99.65,98,46.99,8,11.01
94,Kavaratti,10.57,72.64,100,83.61,0,8.75
95,Axim,4.87,-2.24,93,84.69,36,15.01
96,Loei,17.49,101.72,44,84.0,12,5.73
97,Kungurtug,50.6,97.53,70,9.99,0,3.71
98,Port Hardy,50.7,-127.42,93,37.4,75,4.7
99,Nsanje,-16.92,35.26,99,74.25,92,5.84
100,Touros,-5.2,-35.46,94,77.0,75,4.7
101,Beringovskiy,63.05,179.32,91,7.11,88,20.83
102,Khandyga,62.65,135.58,40,-13.69,8,2.59
103,Shache,38.42,77.24,62,43.83,0,1.92
104,Khatanga,71.98,102.47,73,-11.08,48,6.4
105,Valparaiso,41.47,-87.06,74,36.09,1,3.36
106,Ponta do Sol,-20.63,-46.0,86,75.06,8,8.41
107,Saskylakh,71.97,114.09,53,-18.55,12,3.6
108,Carutapera,-1.2,-46.02,90,81.63,56,7.4
109,San Ignacio,-36.8,-72.03,63,64.4,0,13.87
110,Pudozh,61.81,36.54,93,35.01,92,18.14
111,Charters Towers,-20.07,146.27,85,75.51,88,8.19
112,Copiapo,-27.37,-70.33,77,60.8,90,5.82
113,Garissa,-0.46,39.64,33,95.94,0,9.19
114,East Wenatchee Bench,47.43,-120.28,70,38.03,1,3.36
115,Bethel,60.79,-161.76,86,35.15,1,4.7
116,Sorong,-0.86,131.25,100,81.81,88,11.21
117,Akdepe,42.05,59.39,48,57.16,0,6.93
118,Kruisfontein,-34.0,24.73,75,75.33,0,11.65
119,Cam Ranh,11.92,109.15,83,84.2,40,3.36
120,Russell,-33.01,-68.8,63,66.2,0,5.82
121,Futtsu,35.23,139.9,100,42.35,75,5.82
122,Butaritari,3.07,172.79,100,81.18,68,7.96
123,Vestmannaeyjar,63.44,-20.27,100,39.96,92,21.72
124,Victoria,5.28,115.24,83,83.12,75,3.36
125,Harper,30.3,-99.24,93,60.49,90,8.05
126,Sao Gabriel da Cachoeira,-0.13,-67.09,70,86.0,20,1.12
127,Castro,-42.48,-73.76,76,55.4,75,3.15
128,Dobroye,52.86,39.81,93,33.48,8,14.67
129,Broome,52.47,1.45,50,52.75,0,8.05
130,Paamiut,61.99,-49.67,100,18.36,8,9.64
131,Katsuura,33.93,134.5,86,37.83,20,5.82
132,Cabo San Lucas,22.89,-109.91,63,62.38,5,9.17
133,Vao,59.1,26.19,97,38.52,92,14.12
134,Cabra,37.47,-4.43,28,66.07,0,9.17
135,Nikolskoye,59.7,30.79,41,42.42,40,11.18
136,San Cristobal,-0.39,-78.55,72,55.53,40,4.7
137,Hualmay,-11.1,-77.61,77,74.16,32,4.05
138,Kachiry,53.07,76.1,76,20.79,12,2.93
139,Sotouboua,8.56,0.98,63,88.38,56,4.38
140,Mareeba,-16.99,145.42,88,75.99,40,9.17
141,Buala,-8.15,159.59,97,80.55,48,4.94
142,Hobart,-42.88,147.33,77,64.38,75,9.17
143,Spas,50.05,24.48,13,55.4,0,2.24
144,Cayenne,4.94,-52.33,58,87.8,0,16.11
145,Enshi,30.29,109.48,93,37.71,80,2.71
146,Atuona,-9.8,-139.03,100,81.81,56,15.35
147,Vostok,46.45,135.83,57,12.15,44,4.05
148,Rio Grande,-32.03,-52.1,60,75.2,40,9.17
149,Kuryk,43.18,51.68,77,46.89,0,7.96
150,Innisfail,52.02,-113.95,92,29.14,75,5.17
151,Fort Myers Beach,26.45,-81.95,59,63.64,1,9.17
152,Caravelas,-17.73,-39.27,100,79.65,92,19.37
153,Culiacan,24.8,-107.39,87,57.2,5,5.28
154,Ihosy,-22.4,46.13,68,74.43,76,6.96
155,Sao Filipe,14.9,-24.5,91,72.45,0,14.12
156,Along,28.17,94.8,95,53.91,64,1.59
157,Richards Bay,-28.77,32.06,90,74.52,80,7.74
158,Imuris,30.78,-110.86,56,45.63,24,3.38
159,Pacific Grove,36.62,-121.92,87,50.41,90,3.36
160,Norman Wells,65.28,-126.83,78,17.6,90,23.04
161,Bilibino,68.06,166.44,47,-17.02,0,2.26
162,Ossipee,36.17,-79.51,34,49.35,1,10.29
163,Klaksvik,62.23,-6.59,65,41.0,76,25.28
164,Inirida,3.87,-67.92,94,76.23,88,2.71
165,Hofn,64.25,-15.21,100,35.91,48,3.04
166,Souillac,45.6,-0.6,26,71.06,0,5.82
167,Hithadhoo,-0.6,73.08,100,87.03,56,5.61
168,Maiduguri,11.84,13.15,15,105.48,68,4.38
169,Kaitangata,-46.28,169.85,92,56.43,88,3.15
170,Cidreira,-30.17,-50.22,97,72.36,20,4.27
171,Taitung,22.76,121.15,100,62.91,80,18.7
172,Redwater,53.95,-113.11,92,27.09,90,2.24
173,Saint George,39.45,22.34,37,65.17,20,8.05
174,Dubinino,55.62,89.08,86,26.64,48,5.39
175,Saint-Philippe,45.36,-73.48,68,24.37,90,20.8
176,Pisco,-13.71,-76.2,30,71.6,20,4.7
177,Alice Town,25.72,-79.3,100,71.91,0,5.39
178,Hay River,60.82,-115.79,72,14.0,90,17.22
179,Adrar,27.87,-0.29,28,78.8,0,13.87
180,Qaanaaq,77.48,-69.36,66,-23.23,0,10.42
181,Blackwater,51.33,-0.78,54,55.15,64,9.17
182,Dolores,-36.31,-57.68,69,72.0,36,11.99
183,Tokonou,9.65,-9.78,60,88.02,12,9.08
184,Keetmanshoop,-26.57,18.15,9,101.88,0,3.6
185,Bambous Virieux,-20.34,57.76,79,82.45,75,11.41
186,Coihaique,-45.58,-72.07,62,54.39,40,3.36
187,Port Macquarie,-31.43,152.91,94,70.93,40,6.93
188,Praia da Vitoria,38.73,-27.07,67,59.0,40,30.44
189,Nouadhibou,20.93,-17.03,68,71.6,20,17.22
190,Havre-Saint-Pierre,50.23,-63.6,95,33.8,90,16.11
191,Yerbogachen,61.28,108.01,54,9.09,32,8.19
192,Mao,19.55,-71.08,74,81.81,20,13.87
193,Lebu,8.96,38.73,19,78.8,20,14.99
194,Teahupoo,-17.83,-149.27,83,78.39,88,2.24
195,Port Lincoln,-34.72,135.86,100,62.64,48,3.38
196,Shumskiy,54.83,99.13,58,33.93,92,5.28
197,Nanga Eboko,4.68,12.37,46,92.88,8,6.62
198,Northam,51.04,-4.21,81,52.41,75,6.93
199,Severo-Kurilsk,50.68,156.12,98,30.24,80,20.38
200,Baft,29.23,56.61,100,34.11,64,2.59
201,Leningradskiy,69.38,178.42,82,-8.74,76,19.04
202,Karratha,-20.74,116.85,62,82.08,92,36.37
203,Dalvik,57.79,14.13,42,46.49,0,25.28
204,San Patricio,-26.98,-56.83,63,78.39,0,3.27
205,Mora,38.94,-8.17,39,75.25,0,15.79
206,Haines Junction,60.75,-137.51,84,23.85,12,1.92
207,Qaqortoq,60.72,-46.03,43,15.8,20,5.82
208,Barcelona,41.38,2.18,29,70.79,0,12.75
209,Puerto Ayora,-0.74,-90.35,88,78.28,40,5.82
210,La Palma,5.36,-74.39,97,70.2,76,1.7
211,Praia,-20.25,-43.81,54,75.11,40,9.17
212,Takhtamygda,54.1,123.57,77,14.76,68,3.04
213,Santa Maria,-29.69,-53.81,88,68.0,75,4.7
214,Tungor,53.39,142.95,85,-0.19,12,11.88
215,Athabasca,54.72,-113.29,83,31.59,0,10.98
216,Ostrovnoy,68.05,39.51,90,29.34,56,28.77
217,Adiake,5.29,-3.3,59,89.6,20,13.87
218,Mana,43.52,20.24,36,59.67,0,10.29
219,Sechura,-5.56,-80.82,70,77.85,0,6.29
220,Atherton,53.52,-2.49,73,49.15,68,6.93
221,Yulara,-25.24,130.99,18,89.6,92,20.8
222,Luderitz,-26.65,15.16,79,66.96,0,14.67
223,Straumen,63.87,11.3,86,35.96,75,26.4
224,Scottsboro,34.67,-86.03,62,50.54,1,10.29
225,Ugoofaaru,5.67,73.0,96,86.58,44,7.52
226,Bathsheba,13.22,-59.52,62,84.2,40,20.8
227,Lipin Bor,60.26,37.97,84,31.23,12,12.88
228,Aklavik,68.22,-135.01,72,14.74,90,13.87
229,Mutis,6.23,-77.4,86,80.1,0,8.63
230,Sehithwa,-20.47,22.7,26,92.61,0,15.23
231,Vestmanna,62.16,-7.17,65,41.0,92,25.28
232,Cap-aux-Meules,47.38,-61.86,84,35.6,90,17.22
233,Igra,57.55,53.1,82,34.0,24,1.01
234,Purulha,15.24,-90.24,69,65.88,24,2.04
235,Areia Branca,-10.76,-37.31,59,89.6,40,5.82
236,Vila Velha,-3.71,-38.6,94,77.0,75,4.7
237,Shimoda,34.7,138.93,88,34.0,56,13.78
238,Tucumcari,35.17,-103.73,52,46.51,1,9.17
239,Mitsamiouli,-11.38,43.28,78,82.4,75,14.99
240,Srandakan,-7.94,110.25,98,73.62,76,2.82
241,Faya,18.39,42.45,49,72.54,40,10.29
242,Durgapur,23.54,87.34,36,88.0,0,9.75
243,Kununurra,-15.77,128.74,83,78.8,32,3.36
244,Talnakh,69.49,88.39,50,-3.52,8,5.39
245,Saint-Gaudens,43.11,0.72,35,71.4,0,4.7
246,Port Shepstone,-30.74,30.45,91,76.23,64,22.5
247,El Tarra,8.57,-73.09,97,67.68,88,2.26
248,Palmeirais,-5.97,-43.06,88,81.63,92,6.62
249,Mahina,13.76,-10.85,26,93.33,44,12.77
250,Gavle,60.67,17.14,54,45.0,0,16.46
251,Poim,53.03,43.19,96,32.76,36,11.32
252,Eenhana,-17.48,16.34,33,91.17,56,5.39
253,Manaus,-3.13,-59.98,74,86.92,40,4.7
254,Mazyr,52.05,29.27,57,45.63,0,10.65
255,Ulaangom,49.98,92.07,64,12.06,0,1.81
256,Fort Nelson,58.81,-122.69,74,33.8,40,6.93
257,Cotonou,6.37,2.43,70,89.6,40,12.75
258,Chapulhuacan,21.17,-98.9,71,62.91,0,1.92
259,Okhotsk,59.36,143.24,85,21.24,88,5.95
260,Chilca,-13.22,-72.34,51,60.8,40,3.36
261,Kavieng,-2.57,150.8,99,84.06,92,9.86
262,Tigil,57.8,158.67,79,22.68,68,13.89
263,Kahului,20.89,-156.47,68,65.1,1,10.29
264,Kailua,21.39,-157.74,88,68.68,40,8.05
265,Yenagoa,4.92,6.26,68,86.49,76,10.87
266,Coos Bay,43.37,-124.22,93,44.65,90,6.93
267,Lenine,45.3,35.78,100,41.49,20,16.69
268,Hasaki,35.73,140.83,100,38.59,75,11.41
269,Airai,-8.93,125.41,84,71.55,36,1.92
270,Daru,7.99,-10.85,45,92.88,8,7.18
271,Gorgan,36.84,54.43,76,57.2,40,6.93
272,Opuwo,-18.06,13.84,26,89.37,80,6.96
273,Midland,32.0,-102.08,100,52.7,8,6.93
274,Yangambi,0.77,24.47,100,74.88,56,8.41
275,Lahaina,20.87,-156.68,68,65.7,1,10.29
276,Saint-Joseph,43.56,6.97,28,67.14,0,4.7
277,Portland,45.52,-122.67,93,44.92,90,8.05
278,Grindavik,63.84,-22.43,93,36.36,75,19.46
279,Beloha,-25.17,45.06,61,81.72,20,18.03
280,Tecoanapa,16.99,-99.26,65,77.0,5,6.93
281,Saint-Leu,-21.15,55.28,74,80.22,36,20.8
282,Vanimo,-2.67,141.3,99,82.98,44,17.02
283,Labuhan,-2.54,115.51,94,74.25,20,0.69
284,Fortuna,38.18,-1.13,51,62.29,20,1.12
285,Atambua,-9.11,124.89,99,80.91,76,10.42
286,Vianden,49.93,6.21,66,55.8,0,9.17
287,Suntar,62.16,117.65,70,14.31,68,8.97
288,Hulan Ergi,47.2,123.63,45,25.2,12,9.98
289,Baghdad,33.3,44.38,59,66.2,90,6.93
290,Lavrentiya,65.58,-170.99,100,14.04,92,9.19
291,Kaka,37.35,59.62,100,41.4,24,2.71
292,Port-Cartier,50.03,-66.88,85,26.31,90,21.92
293,Uyuni,-20.46,-66.82,31,63.09,0,4.16
294,Dan Khun Thot,15.21,101.77,49,92.23,36,3.36
295,Rochegda,62.67,43.41,73,34.02,20,9.19
296,Tacoronte,28.48,-16.41,76,64.04,75,21.92
297,Ribeira Grande,38.52,-28.7,67,59.0,40,17.22
298,Los Llanos de Aridane,28.66,-17.92,56,64.99,75,20.8
299,Trinidad,-33.52,-56.9,56,75.24,0,6.85
300,La Paz,24.15,-110.32,70,46.4,5,5.82
301,Bushehr,28.97,50.84,64,72.64,40,4.7
302,San Policarpo,12.18,125.51,95,76.86,8,12.66
303,Lakatoro,-16.11,167.42,100,73.71,92,2.37
304,Houston,29.76,-95.37,77,65.48,75,6.73
305,Bosobolo,4.19,19.88,54,91.71,36,2.37
306,Vokhma,58.93,46.76,91,32.13,0,2.37
307,Novosergiyevka,52.08,53.65,84,25.74,20,3.83
308,Imbituba,-28.24,-48.67,61,78.8,0,14.99
309,Faanui,-16.48,-151.75,100,84.51,100,8.63
310,Rawson,-43.3,-65.11,48,64.8,0,21.72
311,Abu Samrah,35.3,37.18,61,64.53,48,3.6
312,Bay Roberts,47.58,-53.28,93,46.9,75,13.87
313,Beyneu,45.32,55.19,60,47.43,12,3.04
314,Seidu,8.32,4.47,51,91.71,68,8.86
315,Verkhnyaya Inta,65.99,60.32,79,26.37,64,5.17
316,Lompoc,34.64,-120.46,93,49.71,90,9.17
317,Tuktoyaktuk,69.44,-133.03,71,3.2,75,25.28
318,Songjianghe,42.18,127.48,72,10.53,0,4.38
319,Kaili,-3.46,120.21,84,72.81,44,1.59
320,Flinders,-34.58,150.85,78,69.58,24,10.29
321,Saint-Pierre,48.95,4.24,81,56.95,75,11.41
322,Kalmanka,52.9,83.53,47,37.4,0,8.95
323,Presidente Venceslau,-21.88,-51.85,54,80.6,20,4.7
324,Codrington,-28.95,153.24,88,71.29,8,6.93
325,Buriti Bravo,-5.84,-43.84,82,81.18,80,2.93
326,Chernyshevsk,52.51,117.01,53,21.06,0,6.06
327,Ndola,-12.97,28.64,45,81.9,20,11.21
328,Altamira,-3.2,-52.21,78,82.4,75,5.82
329,North Bay,46.31,-79.46,61,16.5,5,18.34
330,Hohhot,40.81,111.65,41,23.0,0,6.71
331,Jimenez,8.54,-82.37,38,89.6,0,9.17
332,Albesti,47.7,27.07,18,51.58,0,19.46
333,Olga,34.11,-118.17,81,52.68,90,2.15
334,Chuy,-33.69,-53.46,93,74.25,0,5.73
335,Yingcheng,30.93,113.57,66,53.6,0,4.47
336,Hornepayne,49.22,-84.78,70,30.69,0,8.63
337,Yushu,44.84,126.53,78,19.62,0,13.22
338,Saint Anthony,43.97,-111.68,93,36.34,90,3.36
339,Ekibastuz,51.72,75.32,73,22.59,0,2.82
340,Vallenar,-28.58,-70.76,74,69.3,0,2.93
341,Key West,47.93,-96.78,92,24.39,1,10.29
342,Barentu,15.11,37.59,10,96.21,0,9.75
343,Strezhevoy,60.73,77.6,80,30.2,0,4.47
344,Kokemaki,61.26,22.36,81,42.78,75,12.75
345,Bud,62.91,6.91,98,39.31,75,29.97
346,Chicama,-7.84,-79.15,83,69.8,20,12.75
347,Cheyenne,41.14,-104.82,64,36.81,90,14.99
348,Tura,25.52,90.21,46,67.41,0,5.73
349,Slobidka,48.42,26.77,20,53.6,0,13.42
350,Castelo do Piaui,-5.32,-41.55,95,79.11,80,6.4
351,Ojuelos de Jalisco,21.86,-101.59,56,55.08,0,4.61
352,Dukat,42.44,22.31,34,64.0,12,8.01
353,Yurginskoye,56.82,67.39,96,30.42,76,4.72
354,Kjollefjord,70.95,27.35,85,35.55,44,7.63
355,Margate,-43.03,147.26,77,64.4,75,9.17
356,Iralaya,15.0,-83.23,65,80.6,20,5.61
357,Sampit,-2.54,112.95,94,74.61,44,2.93
358,Bodden Town,19.28,-81.25,83,77.86,75,16.11
359,Matara,-13.74,-72.9,62,53.6,75,2.37
360,Atakpame,7.53,1.13,55,92.25,36,0.92
361,Vardo,39.62,-77.74,44,37.96,1,20.8
362,Horasan,40.04,42.16,48,36.81,92,7.07
363,Snezhnogorsk,69.19,33.23,84,32.0,90,6.71
364,Rocha,-34.48,-54.34,69,73.26,0,7.74
365,Guerrero Negro,27.97,-114.04,99,55.44,8,5.95
366,Umba,66.69,34.34,86,35.28,76,19.82
367,Navrongo,10.89,-1.09,13,104.76,76,5.73
368,Agadez,16.97,7.99,13,101.79,32,6.17
369,San Miguel,-34.54,-58.72,56,73.94,0,6.93
370,Shirokiy,53.87,39.17,53,37.99,0,4.0
371,Torbay,47.66,-52.73,100,46.9,90,17.22
372,Kamariotissa,40.48,25.47,39,63.43,40,16.11
373,Great Bend,38.36,-98.78,93,46.27,90,12.75
374,Wuxi,31.58,120.3,29,46.51,12,11.65
375,Narsaq,60.91,-46.05,43,15.8,20,5.82
376,Nome,30.04,-94.42,88,64.47,1,4.7
377,Sheregesh,52.93,87.98,75,21.78,0,2.15
378,Manicore,-5.81,-61.3,73,88.74,20,2.93
379,Naberera,-4.2,36.93,32,86.49,0,14.0
380,Baykit,61.68,96.39,79,21.96,76,2.59
381,Roebourne,-20.77,117.15,62,82.08,92,36.37
382,Itambacuri,-18.04,-41.68,96,71.55,100,5.06
383,Kommunar,59.62,30.39,41,42.44,40,11.18
384,Brookhaven,40.78,-72.92,55,36.61,20,23.04
385,Fairbanks,64.84,-147.72,64,31.05,1,5.82
386,Campos do Jordao,-22.74,-45.59,53,77.25,20,8.05
387,Illapel,-31.63,-71.17,90,63.45,20,2.15
388,Cairns,-16.92,145.77,88,75.87,40,9.17
389,Shakiso,5.77,38.9,20,79.83,0,6.96
390,Majene,-3.54,118.97,93,84.33,8,11.1
391,Dhamrai,23.92,90.21,45,82.4,0,3.36
392,Sinnamary,5.38,-52.96,87,82.44,80,11.65
393,Pathein,16.78,94.73,74,77.58,0,8.75
394,La Ronge,55.1,-105.3,87,32.0,5,9.17
395,Lasa,34.92,32.53,82,65.25,20,2.24
396,Saint-Augustin,44.83,-0.61,25,74.35,0,6.93
397,Altayskoye,51.95,85.34,71,23.04,0,2.82
398,Lastoursville,-0.81,12.73,75,85.95,44,2.93
399,Naze,5.43,7.07,66,91.4,75,4.7
400,Koszalin,54.19,16.18,76,51.01,32,14.67
401,Belmonte,40.36,-7.35,30,70.54,0,8.01
402,Dudinka,69.41,86.18,82,3.24,68,10.2
403,Sacramento,38.58,-121.49,100,48.78,1,3.36
404,Half Moon Bay,37.46,-122.43,93,50.43,75,8.05
405,Xinqing,48.28,129.53,59,0.45,12,2.59
406,Colares,38.8,-9.45,33,72.72,20,10.29
407,Acapulco,16.86,-99.88,65,77.0,5,6.93
408,Seoul,37.57,126.98,44,34.99,1,2.24
409,Laguna,27.52,-110.01,75,46.4,5,3.36
410,Ulladulla,-35.36,150.48,78,65.25,36,10.29
411,Zhezkazgan,47.8,67.71,85,36.36,88,3.6
412,Hobyo,5.35,48.53,80,81.81,44,14.12
413,Riberalta,-11.0,-66.08,83,80.6,75,11.41
414,Chernaya Kholunitsa,58.85,51.72,85,26.55,0,3.04
415,Two Rivers,44.15,-87.57,80,34.83,1,5.82
416,Gonen,33.12,35.65,43,63.36,40,2.24
417,Arman,59.7,150.17,72,17.82,56,9.19
418,Sorland,67.67,12.69,97,39.2,75,26.4
419,Ust-Maya,60.42,134.54,67,-10.0,8,3.94
420,Trairi,-3.28,-39.27,100,77.4,80,6.17
421,Coffeyville,37.04,-95.62,58,50.95,90,8.05
422,Tremedal,-14.98,-41.41,94,69.8,75,8.05
423,Mazara del Vallo,37.65,12.59,68,61.66,20,12.75
424,Pengcheng,36.43,114.17,42,33.93,0,4.05
425,Antofagasta,-23.65,-70.4,60,68.0,0,4.7
426,Plettenberg Bay,-34.05,23.37,89,72.0,0,9.19
427,Mangrol,25.33,76.51,44,67.14,0,3.6
428,Namibe,-15.19,12.15,74,82.4,75,9.17
429,Ketchikan,55.34,-131.65,93,44.6,90,13.87
430,Fort Abbas,29.19,72.85,47,76.23,0,9.64
431,Sambava,-14.27,50.17,99,84.33,36,16.58
432,Urucara,-2.54,-57.76,78,84.33,88,2.93
433,Marsh Harbour,26.54,-77.06,100,72.63,0,4.05
434,Kargopol,61.51,38.95,92,32.58,56,15.46
435,Kourou,5.16,-52.64,58,87.8,0,16.11
436,Tyumentsevo,53.32,81.5,61,16.02,12,2.93
437,Saint-Francois,46.42,3.91,37,67.91,0,5.82
438,Mwandiga,-4.84,29.66,83,77.0,20,11.41
439,Belo Jardim,-8.33,-36.42,85,80.46,12,6.62
440,Dustlik,40.53,68.03,90,49.05,8,6.29
441,Celestun,20.87,-90.4,100,73.35,0,14.67
442,Otane,-39.89,176.62,89,53.01,0,2.37
443,Sladkovo,55.53,70.34,72,20.43,0,4.72
444,Maragogi,-9.01,-35.22,73,89.01,20,9.19
445,Alice Springs,-23.7,133.88,31,87.8,0,8.05
446,Vredendal,-31.68,18.49,24,88.38,88,5.61
447,Mae Sai,20.44,99.89,60,79.0,20,4.7
448,Yenangyaung,20.46,94.87,47,84.6,0,10.2
449,Cacequi,-29.88,-54.83,59,78.3,0,5.17
450,Myitkyina,25.38,97.4,97,61.11,24,3.49
451,Tumpat,6.2,102.17,83,82.4,75,3.36
452,Pangnirtung,66.15,-65.72,76,-11.21,90,2.24
453,Kutum,14.2,24.66,11,95.76,36,4.38
454,Vila Franca do Campo,37.72,-25.43,87,56.12,40,34.45
455,Mizan Teferi,6.99,35.58,47,83.61,0,0.92
456,Colesberg,-30.72,25.1,19,85.86,20,7.63
457,Egvekinot,66.32,-179.17,75,-1.27,88,6.73
458,Ramgarh,28.17,74.98,29,77.31,0,7.4
459,Salinopolis,-0.61,-47.36,100,77.13,80,8.19
460,Vikhorevka,56.12,101.17,58,25.25,80,4.47
461,Porto Velho,-8.75,-63.87,84,86.0,40,5.82
462,Lamu,0.57,122.3,100,72.9,20,2.71
463,Prince Rupert,54.32,-130.32,70,46.4,90,6.93
464,Christchurch,-43.53,172.64,93,58.33,36,4.7
465,Beitbridge,-22.21,29.99,53,82.26,0,14.79
466,Manado,1.49,124.85,94,75.2,20,1.03
467,Lagoa,37.14,-8.45,40,70.39,20,18.34
468,Bukachacha,52.99,116.91,53,21.06,0,6.06
469,Numan,9.46,12.04,27,102.69,20,4.38
470,Manggar,-2.88,108.27,100,77.76,20,5.39
471,Puerto Cabezas,14.04,-83.39,106,78.8,40,9.17
472,Olinda,-2.03,-79.75,74,82.78,75,6.93
473,Makat,47.65,53.35,64,44.91,0,4.61
474,Gobabis,-22.45,18.97,20,90.18,68,8.63
475,Pimentel,-3.7,-45.5,72,87.21,36,4.83
476,Tongren,27.72,109.18,73,43.47,80,5.73
477,Popondetta,-8.77,148.24,96,68.58,92,1.92
478,Buchanan,5.88,-10.05,63,93.2,40,13.87
479,Panzhihua,26.59,101.72,51,60.3,24,5.95
480,Patacamaya,-17.23,-67.92,49,56.07,0,5.17
481,Tadine,-21.55,167.88,98,79.11,48,15.46
482,Ballina,54.11,-9.15,61,46.92,90,8.05
483,Araouane,18.9,-3.53,14,93.51,44,11.21
484,Alto Piquiri,-24.02,-53.44,89,80.46,0,6.62
485,Paceco,37.98,12.56,68,62.67,20,12.75
486,San Estanislao,-24.67,-56.44,80,82.98,8,3.15
487,Ust-Nera,64.57,143.24,55,-14.05,64,2.15
488,Xining,36.62,101.77,41,26.55,0,5.84
489,Oksfjord,70.24,22.35,48,39.9,0,19.46
490,Pitimbu,-7.47,-34.81,66,87.8,75,6.93
491,Mayumba,-3.44,10.65,94,82.89,68,11.54
492,Panaba,21.28,-88.27,44,79.38,0,5.61
493,Salym,60.06,71.48,97,32.22,88,3.6
494,Mayo,63.59,-135.9,56,41.0,75,10.29
495,Banda Aceh,5.56,95.32,84,79.38,32,3.04
496,Gao,16.28,-0.04,14,95.58,80,8.97
497,Bubanza,-3.08,29.39,78,72.63,12,1.59
498,Nabire,-3.36,135.5,97,69.48,92,1.92
499,Guarapari,-20.67,-40.5,65,81.64,20,13.87
500,Bembereke,10.23,2.66,24,99.72,32,5.61
501,Dinar,38.07,30.16,27,63.45,20,17.22
502,Maxixe,-23.86,35.35,66,84.2,75,11.41
503,Baturaja,-4.12,104.17,96,73.53,88,5.61
504,Cambridge,52.2,0.12,54,54.01,40,6.93
505,Marau,-28.45,-52.2,88,66.2,40,6.93
506,Cartagena,37.63,-1.0,72,60.6,20,8.05
507,Hambantota,6.12,81.12,100,77.0,40,8.05
508,Arroyo,41.39,-78.88,53,28.54,1,18.34
509,Ngunguru,-35.62,174.5,94,57.99,20,1.14
510,Sovetskaya Gavan,48.97,140.29,98,8.82,0,5.61
511,Oktyabrskoye,56.73,85.44,69,34.21,0,6.71
512,Sokolo,14.74,-6.12,25,99.63,24,9.42
513,Gizo,31.8,34.94,72,64.45,40,9.17
514,La Rioja,-29.41,-66.86,83,71.01,0,4.05
515,Buloh Kasap,2.55,102.76,70,84.07,75,3.36
516,Mantua,45.16,10.79,24,70.79,0,3.36
517,Maniitsoq,65.42,-52.9,100,0.81,64,11.77
518,Tual,-5.67,132.75,95,85.23,12,9.98
519,Damghan,36.17,54.34,47,49.59,0,1.81
520,Goderich,43.74,-81.71,69,27.5,0,11.01
521,Tobermory,45.25,-81.67,61,23.0,0,1.99
522,Elizabeth City,36.3,-76.22,39,49.03,1,14.99
523,Agaro,7.86,36.59,47,77.49,20,1.7
524,Morondava,-20.3,44.28,64,90.0,20,7.74
525,Coahuayana,18.62,-100.35,29,74.34,0,2.59
526,Nemuro,43.32,145.57,100,27.09,8,10.09
527,Esperance,10.24,-61.45,51,85.98,40,17.22
528,Cabedelo,-6.97,-34.84,66,87.8,75,6.93
529,Broken Hill,-31.97,141.45,44,77.0,40,18.34
530,Quang Ngai,15.12,108.8,94,69.3,24,2.15
531,Kiunga,-6.12,141.3,98,72.36,92,2.15
532,Shangzhi,45.21,127.96,71,20.25,12,8.3
533,Wanning,48.64,13.53,39,62.8,0,6.93
534,Dubova,49.95,28.63,58,43.65,0,16.02
535,Amahai,-3.31,129.0,70,87.01,24,1.01
536,Rayadrug,14.7,76.87,46,82.98,36,1.7
537,Kokstad,-30.55,29.42,69,69.75,56,2.04
538,Samoylovka,51.19,43.71,98,34.0,88,8.01
539,Oulainen,64.27,24.8,44,36.61,12,1.01
540,Arlit,18.74,7.39,27,89.46,76,6.4
541,Pinerovka,51.56,43.06,98,34.0,92,8.01
542,Miri,10.31,9.75,20,99.63,68,6.4
543,Pontianak,-0.02,109.34,88,78.8,40,7.18
544,Coquimbo,-29.95,-71.34,87,57.2,90,3.49
545,Dutlwe,-23.98,23.93,26,90.63,24,8.52
546,Saquarema,-22.93,-42.51,69,81.23,40,6.93
547,Jumla,29.28,82.18,89,23.22,0,1.7
548,Hami,42.84,93.51,58,38.7,0,7.96
549,Maceio,-9.67,-35.74,52,89.6,40,9.17
550,Harbin,45.77,126.62,46,28.4,0,13.42
551,Kuopio,62.89,27.68,92,37.4,90,18.34
552,Olden,61.84,6.81,45,37.0,75,27.51
553,Santa Cruz,36.97,-122.03,100,50.31,90,2.93
554,Wattegama,7.35,80.68,95,71.73,56,2.15
555,Merauke,-8.49,140.4,97,79.38,76,4.27
